depth.mbsf,substrate,treatment,conc.uM,slope,int,slope.se,int.se,pval,rsq,n,calib.slope,v0.bulk,v0.bulk.se,sed.conc,v0,v0.se
4.5,arg-amc,killed,800,6.640055703738185,250.67515096254058,2.573754056796035,39.936383268192436,0.02742050507757306,0.3996135684975452,12.0,1429.1165982142863,0.004646265890435452,0.0018009405670691946,30.2,1.5384986392170372e-4,5.9633793611562734e-5
4.5,mub-nag,killed,800,15.942083577043572,176.82364284788295,2.0703497651297726,32.12516809875871,1.6427266722138344e-5,0.8556850782318652,12.0,569.3726011904762,0.02799938659449185,0.0036361949289462985,30.2,9.271320064401275e-4,1.204038055942483e-4
4.5,mub-cell,live,800,23.581547179749442,169.42021371473604,1.7278988714052528,26.811431882897242,8.63829261153052e-8,0.9490458852045839,12.0,569.3726011904762,0.041416722775988554,0.0030347418681412924,30.2,0.0013714146614565747,1.0048814132918187e-4
4.5,mub-cell,killed,800,6.210884124587736,144.69666947380028,1.372362943549226,21.294658031495818,0.0010986703494972481,0.6719357736954106,12.0,569.3726011904762,0.010908294694197913,0.002410307311380654,30.2,3.612018110661561e-4,7.981150037684285e-5
4.5,mub-b-glu,live,800,277.09785759564426,14.242911120024425,79.73401632452078,1237.21543130363,0.005968161009419008,0.5470513100968796,12.0,569.3726011904762,0.4866722722805286,0.14003837936319455,30.2,0.016114975903328763,0.0046370324292448525
4.5,orn-amc,live,800,265.9393605553837,2284.0803331965517,42.06573446140253,652.7248745748029,8.658781753073207e-5,0.7998703963263163,12.0,1429.1165982142863,0.18608653827663954,0.029434781258551344,30.2,0.006161805903199985,9.746616310778591e-4
4.5,mub-b-glu,killed,800,8.193231184293937,160.82208465906592,1.0418297038746418,16.1658454677367,1.3674578528961897e-5,0.8608148772759652,12.0,569.3726011904762,0.01438992878681389,0.0018297854545447495,30.2,4.7648770817264536e-4,6.058892233591886e-5
4.5,mub-a-glu,live,800,14.07764102783962,176.37223074229806,0.8443516654972583,13.101621593328252,1.2608744605248514e-8,0.9652753273031083,12.0,569.3726011904762,0.024724830450930196,0.001482950995063409,30.2,8.187029950639138e-4,4.91043375848811e-5
4.5,mub-a-glu,killed,800,6.825196984219826,152.21383694330726,0.9542115866786263,14.806294153834767,3.0948443033234355e-5,0.8364977390588345,12.0,569.3726011904762,0.011987224130471541,0.0016759000778813506,30.2,3.9692795134011724e-4,5.549338006229638e-5
4.5,mub-xylo,killed,800,6.4717849388606314,146.09230116562398,0.6934507779636773,10.76012526265182,2.9821898471401367e-06,0.8970131158866961,12.0,569.3726011904762,0.011366519789201413,0.0012179208773196522,30.2,3.7637482745700045e-4,4.032850587151166e-5
4.5,leu-amc,live,800,544.2403792386442,984.4486876599417,42.04136704465706,652.3467706561968,1.4274193012037678e-7,0.9436880467429063,12.0,1429.1165982142863,0.3808229362941309,0.02941773057369056,30.2,0.012610031003116917,9.740970388639258e-4
4.5,leu-amc,killed,800,16.45521269396017,582.544477832321,4.311023819588164,66.8932212395241,0.0033901093024814107,0.5929921482383758,12.0,1429.1165982142863,0.011514254830236619,0.003016565495757929,30.2,3.8126671623300065e-4,9.988627469397117e-5
4.5,arg-amc,live,800,372.3256976747748,398.17937015067605,31.486114198701234,488.56320243385943,3.3536180258179546e-7,0.9332587725517333,12.0,1429.1165982142863,0.2605285657867274,0.02203187216357563,30.2,0.0086267737015472655,7.295321908468752e-4
4.5,mub-nag,live,800,132.7162115027148,198.2989090917437,17.59312960190725,272.9887748262148,1.962169318921167e-5,0.8505376533037168,12.0,569.3726011904762,0.2330920230886142,0.030899150336919177,30.2,0.007718278910219013,0.0010231506734079197
4.5,phe-val-arg-amc,live,800,960.0025914946916,2053.8157541900296,28.58679366654413,443.57507480611474,1.2955601493162401e-11,0.9912107446025381,12.0,1429.1165982142863,0.6717454633822297,0.02000312200016708,30.2,0.022243227264312243,6.623550331181152e-4
4.5,phe-val-arg-amc,killed,800,4.5696406971082455,498.311901460424,1.0732978331973366,16.65412960275177,0.001669425820109164,0.6444684958634751,12.0,1429.1165982142863,0.003197528251241442,7.510218792073695e-4,30.2,1.0587841891527953e-4,2.486827414593939e-5
4.5,phe-arg-amc,live,800,474.23892815473346,1664.2556301045151,24.566580374399386,381.19429742335274,3.0328905144935138e-9,0.9738666837982145,12.0,1429.1165982142863,0.3318406131083396,0.01719004621812936,30.2,0.010988099771799325,5.692068284148795e-4
4.5,phe-arg-amc,killed,800,6.519122398169951,529.8574172890849,3.4477431580106375,53.497882521069755,0.08794055245516239,0.2633662287707289,12.0,1429.1165982142863,0.004561644869505919,0.0024124995555426833,30.2,1.5104784336112314e-4,7.988409124313521e-5
4.5,pro-amc,killed,800,7.416287142205303,330.41464917465174,1.8136416394845325,28.141883811451972,0.002182084333913855,0.6257667523050816,12.0,1429.1165982142863,0.0051894206193337355,0.0012690648486979432,30.2,1.7183511984548793e-4,4.202201485754779e-5
4.5,orn-amc,killed,800,40.6995591779488,1165.0495667367938,9.42627303313134,146.26543342311012,0.0015186606286169424,0.6508659683010145,12.0,1429.1165982142863,0.02847882337158761,0.006595874013995556,30.2,9.430073964101859e-4,2.1840642430448863e-4
4.5,mub-xylo,live,800,21.34578746221854,166.0466035878228,1.043923041887794,16.198327339492227,0.0023831859876398756,0.9952393076001719,4.0,569.3726011904762,0.03749001518089836,0.0018334620241738033,30.2,0.0012413912311555748,6.071066305211269e-5
4.5,pro-amc,live,800,175.77497113756291,734.9691035648549,21.882314259417765,339.5431225262544,1.1360939279420806e-5,0.8658167211552813,12.0,1429.1165982142863,0.1229955423911511,0.015311776720500072,30.2,0.0040727000791771885,5.070124741887441e-4
4.5,mub-po4,live,800,1281.9792023555426,378.00227114460563,56.40269687239883,875.1884095949213,6.125236941531643e-10,0.9810105897826001,12.0,569.3726011904762,2.2515646163428107,0.09906113633579998,30.2,0.07455511974645068,0.0032801700773443703
4.5,mub-po4,killed,800,63.88300683817743,360.32983289899306,5.477134054139334,84.98750073644337,3.815304956486606e-7,0.9315252178967046,12.0,569.3726011904762,0.11219894793779549,0.009619595397965119,30.2,0.003715196951582632,3.1852964893924236e-4
11.1,orn-amc,live,800,127.60965842793767,1890.7974259217988,5.486403968523799,75.48419275326367,5.609736192413628e-12,0.9765339933449627,15.0,381.14462499999985,0.3348063964641709,0.014394546344511093,30.2,0.011086304518681155,4.766406074341422e-4
11.1,mub-xylo,killed,800,24.153385353752235,781.7940824086454,5.793679584704141,79.78377560032135,0.001301941531810455,0.591557382689062,14.0,569.3726011904762,0.04242105310872174,0.010175550373499516,30.2,0.0014046706327391304,3.3693875408938794e-4
11.1,mub-b-glu,live,800,213.7809845134159,72.54380195270625,11.389032917846999,156.69497925712184,8.443331619605748e-11,0.9644169052011579,15.0,569.3726011904762,0.3754676358968286,0.02000277655446393,30.2,0.012432703175391675,6.623435945186731e-4
11.1,arg-amc,killed,800,41.64405522814453,1932.6041734501684,5.002164013982257,68.82182113842241,1.4417285059480286e-6,0.8420587493668958,15.0,381.14462499999985,0.10926050768299447,0.013124057604071574,30.2,0.0036178976053971683,4.345714438434296e-4
11.1,mub-nag,killed,800,109.9508457327226,956.9884428810033,13.122352519876715,180.54270022212137,1.3425141229563417e-6,0.8437611208486665,15.0,569.3726011904762,0.19310877534821871,0.023047038955579816,30.2,0.006394330309543666,7.631469852840999e-4
11.1,mub-cell,live,800,15.188705249925771,206.98140937499082,0.8395894200363849,11.551415094335379,1.3418658500140545e-10,0.9617951633680907,15.0,569.3726011904762,0.026676213815291384,0.001474586972188202,30.2,0.00088331833825468155,4.88273831850398e-5
11.1,mub-a-glu,killed,800,29.797157763053445,700.5362249708966,2.8897395209668866,39.75821982100225,1.259181830427139e-7,0.89105315032501,15.0,569.3726011904762,0.05233331864011699,0.005075304844182627,30.2,0.0017328913456992382,1.6805645179412672e-4
11.1,phe-arg-amc,killed,800,19.255667978031592,2598.1552332172546,15.711064769893843,216.15926356381144,0.24208549654349454,0.1035796190539058,15.0,381.14462499999985,0.050520633678178196,0.04122074335927956,30.2,0.0016728686648403376,0.0013649252767973365
11.1,mub-nag,live,800,87.15247084440634,282.0317320576078,7.220167154275419,99.33801672477861,1.947520461108463e-8,0.9180853629286492,15.0,569.3726011904762,0.15306755306135747,0.012680917801768277,30.2,0.005068462021899254,4.198979404559032e-4
11.1,mub-b-glu,killed,800,26.014240439638282,731.8525503185496,8.709803396756524,119.83304222869643,0.01050256903339498,0.40695694701044194,15.0,569.3726011904762,0.04568930852177686,0.015297194453237788,30.2,0.001512891010654863,5.065296176568804e-4
11.1,mub-cell,killed,800,26.115066646647207,830.2370433333939,3.2736714031176244,45.040511894764236,2.3067870312846316e-6,0.8303699244497872,15.0,569.3726011904762,0.04586639151944502,0.005749611759106161,30.2,0.0015187546860743384,1.903844953346411e-4
11.1,mub-xylo,live,800,19.143171184625047,211.03898928004654,1.7548169625203254,24.14349045486374,6.49865407786857e-8,0.9015186589790296,15.0,569.3726011904762,0.033621518043895036,0.003082018626908382,30.2,0.0011132952994667232,1.020535969174961e-4
11.1,mub-po4,killed,800,446.4012000234309,32454.439342406495,194.48606440785474,2675.81892580473,0.03899835957597091,0.28838632542442133,15.0,569.3726011904762,0.7840229738664456,0.3415795983178895,30.2,0.025961025624716742,0.01131058272575793
11.1,leu-amc,live,800,165.81774180408172,1025.2930068353458,21.006647132627176,289.0180545137058,2.588469520249373e-6,0.8273771236321016,15.0,381.14462499999985,0.4350520273087461,0.055114635638970864,30.2,0.014405696268501527,0.0018249879350652604
11.1,mub-a-glu,live,800,11.39971808909247,164.4624634841099,1.5742187836481618,21.658746746036417,6.538113301707198e-6,0.8013430423998911,15.0,569.3726011904762,0.020021543125287904,0.00276483058783773,30.2,6.629650041486061e-4,9.155068171648113e-5
11.1,arg-amc,live,800,155.64004811405172,565.554665773646,12.153560335477552,167.21366058074798,9.544979631461995e-9,0.9265523908540221,15.0,381.14462499999985,0.40834905677615624,0.03188700440279738,30.2,0.013521491946230339,0.0010558610729403106
11.1,mub-po4,live,800,964.6544904310662,9642.76732647351,181.92811854528995,2387.4098701535954,1.8760750456061297e-4,0.7008628449018571,14.0,569.3726011904762,1.6942411496691487,0.31952383758000374,30.2,0.05610070032017049,0.01058025952251668
11.1,phe-val-arg-amc,live,800,443.7152940538816,972.6011850217345,10.562182230479188,145.31882886398304,2.846817739307296e-15,0.9926876915103439,15.0,381.14462499999985,1.1641651618565572,0.027711743883254793,30.2,0.03854851529326348,9.176074133528077e-4
11.1,phe-val-arg-amc,killed,800,11.911981684880582,1949.4326300255423,9.477013944100687,130.388639149797,0.23089230086412613,0.10836048705153667,15.0,381.14462499999985,0.031253180298372533,0.02486461390896091,30.2,0.0010348735198136602,8.233315863894341e-4
11.1,phe-arg-amc,live,800,255.10570504322254,860.1116550034202,12.824088506351947,176.43906177015305,4.065039055704952e-11,0.9681933365974466,15.0,381.14462499999985,0.6693147123437007,0.03364625306299925,30.2,0.022162738819327836,0.0011141143398344124
11.1,pro-amc,killed,800,51.29777430429547,1726.4450459746383,12.99615243555681,178.8063877768595,0.0016704997016520498,0.5451364580574711,15.0,381.14462499999985,0.1345887386036088,0.034097693062198675,30.2,0.004456580748463867,0.0011290626841787641
11.1,orn-amc,killed,800,192.9484659522051,5977.784866377349,32.46324600160499,446.6426337980908,4.8748716961110836e-5,0.7309956194572123,15.0,381.14462499999985,0.5062342567528144,0.08517303897858984,30.2,0.0167627237335369,0.002820299303926816
11.1,pro-amc,live,800,84.07856574880104,551.2943249691457,6.677792527796113,91.87580448438848,1.1718010910007892e-8,0.9242104253362564,15.0,381.14462499999985,0.22059491393536265,0.01752036389807705,30.2,0.007304467348853068,5.801444999363262e-4
11.1,leu-amc,killed,800,30.852803080388714,2171.0534054027794,35.267575608994264,472.84547318905726,0.39884265877461267,0.05995240881643988,14.0,381.14462499999985,0.08094775855854908,0.09253069122775712,30.2,0.002680389356243347,0.0030639301731045405
17.6,mub-b-glu,live,800,119.6267776242344,148.60925226815118,12.078468356641647,147.60173322930746,1.7361556610113627e-6,0.9074861163679069,12.0,569.3726011904762,0.2101027997731398,0.02121364521472812,30.2,0.006957046350103967,7.02438583269143e-4
17.6,orn-amc,live,800,63.82391717801049,1203.5534240022255,7.891983811292017,96.44190428530655,1.0707125075804568e-5,0.8673784528668115,12.0,305.51405405405404,0.20890664874853265,0.025831819212793736,30.2,0.006917438700282538,8.553582520792628e-4
17.6,mub-a-glu,killed,800,16.753430678345264,743.3895934867987,3.0137400820103895,36.82861489327544,2.4104999184343132e-4,0.7555171458073853,12.0,569.3726011904762,0.029424371041592536,0.005293089403510272,30.2,9.743169219070376e-4,1.752678610433865e-4
17.6,mub-xylo,killed,800,12.605807177258132,820.9725689254686,2.1438513927550913,26.19836986058882,1.55189940005444e-4,0.7756549048416026,12.0,569.3726011904762,0.022139820481177356,0.003765287244719199,30.2,7.331066384495814e-4,1.2467838558672845e-4
17.6,mub-cell,killed,800,7.3049675374864735,740.9234247951771,4.643892241145744,50.14847642925706,0.1501632336076016,0.2156461996977752,11.0,569.3726011904762,0.012829854338288912,0.008156156849549897,30.2,4.2482961385062625e-4,2.700714188592681e-4
17.6,phe-arg-amc,killed,800,-1.476437961126145,2770.547361843511,7.509600710927576,91.76909257567014,0.8480735065573898,0.003850536277595825,12.0,305.51405405405404,-0.004832635165336523,0.024580213614653932,30.2,-1.6002103196478555e-4,8.139143581011236e-4
17.6,arg-amc,killed,800,26.640521289776956,1595.257443058533,6.190110930509974,75.64461612573159,0.0015523238539456492,0.6493938143148283,12.0,305.51405405405404,0.08719900422343091,0.020261296815546066,30.2,0.0028873842458089706,6.709038680644393e-4
17.6,mub-nag,killed,800,12.129731213332319,1235.50386907112,11.748480514683616,146.85054744214716,0.3288060526593363,0.1058970737795696,11.0,569.3726011904762,0.021303679151351496,0.02063408125034333,30.2,7.05419839448725e-4,6.832477235213023e-4
17.6,mub-a-glu,live,800,14.026145154669805,187.2089477729282,1.7252432392715111,21.082879454545644,1.022215717875627e-5,0.868587261362517,12.0,569.3726011904762,0.024634387263003443,0.0030300777305832345,30.2,8.157081875166703e-4,1.0033369968818657e-4
17.6,mub-xylo,live,800,14.475355496275753,191.29710070338945,1.5398258323645932,18.817034992959098,2.7925496063629186e-6,0.8983451816656723,12.0,569.3726011904762,0.02542334398601174,0.0027044255890519477,30.2,8.418325823182695e-4,8.95505161937731e-5
17.6,arg-amc,live,800,120.03490077722996,285.8599090390478,6.484186164489241,79.23828487192539,4.56369671127937e-9,0.9716466592947208,12.0,305.51405405405404,0.39289485764865145,0.021223855591736562,30.2,0.013009763498299718,7.02776675223065e-4
17.6,mub-nag,live,800,37.961359261950584,267.39778445178206,9.803163824958801,119.79697499469104,0.0030972404203400664,0.599922481066488,12.0,569.3726011904762,0.06667226203470072,0.017217484305464992,30.2,0.0022076907958510175,5.701153743531454e-4
17.6,mub-cell,live,800,12.57862146206087,224.48438405248464,2.3011304579818113,28.12035714760969,2.744897532315028e-4,0.7492490500019517,12.0,569.3726011904762,0.022092073689111105,0.004041519478054404,30.2,7.315256188447386e-4,1.3382514827994715e-4
17.6,phe-arg-amc,live,800,120.21038960544223,722.325844199093,5.443925722366137,66.52605682002793,8.13555931839279e-10,0.9799033524490071,12.0,305.51405405405404,0.3934692627402785,0.017818904401049104,30.2,0.013028783534446309,5.900299470546061e-4
17.6,leu-amc,killed,800,29.448867869003262,2872.0578133784634,7.969321549615388,97.38698969543532,0.004140616721052471,0.5772579683686647,12.0,305.51405405405404,0.09639120517772622,0.026084958920434442,30.2,0.0031917617608518615,8.637403616037895e-4
17.6,mub-po4,killed,800,422.2400297800366,28011.415534676707,152.3017320194766,1644.676366656899,0.021668616106752525,0.46063067549197073,11.0,569.3726011904762,0.7415882480070053,0.26749044773323405,30.2,0.02455590225188759,0.008857299593815697
17.6,mub-b-glu,killed,800,33.218828945601516,624.5304036338667,14.310832394907234,174.8817485025679,0.04268275471934749,0.3501488674683331,12.0,569.3726011904762,0.05834286524526421,0.02513438891331501,30.2,0.0019318829551411992,8.322645335534772e-4
17.6,orn-amc,killed,800,71.23047177600996,4225.999459224713,41.87782116944999,511.7568557505798,0.11979386644531284,0.22439135724299086,12.0,305.51405405405404,0.23314957472760742,0.13707330518431934,30.2,0.007720184593629385,0.004538851165043687
17.6,mub-po4,live,800,677.4632517183154,7452.628741229061,70.51757074275272,861.7413530770417,2.2925707104095393e-6,0.9022432321158301,12.0,569.3726011904762,1.1898416788968018,0.12385135954085362,30.2,0.039398731089298075,0.004101038395392504
17.6,phe-val-arg-amc,live,800,259.8245861233835,629.8909096380893,6.65882288418243,81.37238679206011,2.9190481909017402e-12,0.9934748378181736,12.0,305.51405405405404,0.8504505199535377,0.021795471585750018,30.2,0.028160613243494628,7.217043571440403e-4
17.6,phe-val-arg-amc,killed,800,-9.026299914953299,2212.493238423217,8.8447263527204,108.08464294089093,0.33153187721004174,0.09432426896026463,12.0,305.51405405405404,-0.02954463074669649,0.02895030927498844,30.2,-9.78299031347566e-4,9.586195124168357e-4
17.6,pro-amc,killed,800,18.130298254018296,1474.6093094294567,8.166791862068584,99.80012350667698,0.05069433349058232,0.33013634416647786,12.0,305.51405405405404,0.059343581787600956,0.02673131318739153,30.2,0.001965019264490098,8.85142820774554e-4
17.6,leu-amc,live,800,130.60406605264137,840.9394559231595,6.33207051292994,77.37939571822635,1.5875852181321128e-9,0.9770338757047059,12.0,305.51405405405404,0.4274895518539184,0.020725954923859636,30.2,0.014155283173970808,6.862898981410475e-4
17.6,pro-amc,live,800,30.393174547695214,368.6596658288977,3.37075275337713,41.19139397441449,4.069503621237945e-6,0.8904727235705527,12.0,305.51405405405404,0.09948208321152324,0.011033053009013945,30.2,0.0032941087156133524,3.65332881093177e-4
24.3,mub-cell,killed,800,11.312630995356061,258.60808056475196,2.8756687031046444,42.75114059291025,0.0017127808609181776,0.543469962467181,15.0,1589.8829107142856,0.007115386245817086,0.0018087298654041728,30.2,2.3560881608665848e-4,5.9891717397489165e-5
24.3,mub-a-glu,live,800,266.88390902553056,-34.53328741100468,18.151516041879056,269.8495878343184,6.824282910980422e-4,0.9863127273188486,5.0,1589.8829107142856,0.16786387678425188,0.011416888576860127,30.2,0.00555840651603483,3.7804266810795127e-4
24.3,mub-b-glu,live,800,48.11909395680359,22.647215582618998,2.8274215478452276,42.03387406096363,2.880765396736127e-10,0.9570442207776583,15.0,1589.8829107142856,0.030265809911237524,0.0017783835078615657,30.2,0.0010021791361336928,5.88868711212439e-5
24.3,mub-cell,live,800,7.508237404204102,90.47854767110027,0.3628954245977394,5.394986321182374,2.475083382589906e-11,0.9705261027215341,15.0,1589.8829107142856,0.0047225096600547025,2.2825292488658905e-4,30.2,1.5637449205479147e-4,7.558043870416856e-6
24.3,mub-a-glu,killed,800,4.029766626797439,171.95505147005812,4.144826268392053,61.61907675314298,0.34867463676473,0.06778300119738238,15.0,1589.8829107142856,0.0025346310722888323,0.002607000956145827,30.2,8.392818120161697e-5,8.632453497171613e-5
24.3,orn-amc,live,800,31.919558459548288,700.4144057619254,4.755511504539298,70.69783132607385,1.4435678668626143e-5,0.7760649216895587,15.0,108.44053571428564,0.29435080018092624,0.043853633451875505,30.2,0.009746715237779015,0.0014521070679428976
24.3,mub-b-glu,killed,800,7.758191203225237,217.2049257139744,0.8556001902892397,12.719783745215729,5.532363666669477e-7,0.8634745323932278,15.0,1589.8829107142856,0.004879724884733631,5.381529573802669e-4,30.2,1.6158029419647787e-4,1.7819634350339967e-5
24.3,phe-arg-amc,live,800,25.85012302196132,260.57104957107606,4.0753728171779375,60.5865467352338,2.563801912428684e-5,0.7557940330224958,15.0,108.44053571428564,0.23838062816353184,0.03758163670378345,30.2,0.007893398283560657,0.0012444250564166706
24.3,phe-arg-amc,killed,800,6.374325750230738,494.7933660714462,8.682893491847157,129.08427178084264,0.47590604547200466,0.03980658583804381,15.0,108.44053571428564,0.05878176189598999,0.08007055142852174,30.2,0.0019464159568208608,0.002651342762533832
24.3,arg-amc,killed,800,12.44170588831123,448.8679112713784,1.4250089077005283,21.84726904558001,1.519435067091711e-6,0.8639915103590643,14.0,108.44053571428564,0.11473298067331657,0.013140924639611511,30.2,0.0037991053203084955,4.3512995495402355e-4
24.3,mub-nag,killed,800,15.349149388590785,242.5092628355036,0.7078640431688152,10.737130196792736,5.4175163607703437e-11,0.9751132948434158,14.0,1589.8829107142856,0.009654264024823616,4.452302986581532e-4,30.2,3.196776167160138e-4,1.47427251211309e-5
24.3,orn-amc,killed,800,52.185780151625934,1744.7523186789967,24.88576775746966,369.9643686400629,0.05611594419326128,0.2527646472290118,15.0,108.44053571428564,0.4812386789486427,0.22948768736293954,30.2,0.01593505559432592,0.007598930045130448
24.3,mub-xylo,live,800,7.589170564975393,72.09901103701878,0.3031944310764898,4.358877643753551,1.0018749175583775e-11,0.9812070176987838,14.0,1589.8829107142856,0.004773414767736456,1.9070236495609218e-4,30.2,1.5806009164690254e-4,6.314647846228218e-6
24.3,arg-amc,live,800,45.38577643928921,183.4663624474469,5.920854450264237,88.02240701793167,3.5585027864080213e-6,0.8188368161943287,15.0,108.44053571428564,0.41853146648841405,0.05460001106840936,30.2,0.013858657830742187,0.0018079473863711708
24.3,mub-xylo,killed,800,8.696413594142063,250.97746198136818,1.5850226686638103,24.042180023901167,1.392152733297516e-4,0.7149845107202966,14.0,1589.8829107142856,0.005469845317247314,9.969430188740806e-4,30.2,1.8112070586911636e-4,3.3011358240863596e-5
24.3,phe-val-arg-amc,killed,800,4.353981684360334,580.4772226080584,9.190374105172372,136.62873440444727,0.6435324805792553,0.01697185893354059,15.0,108.44053571428564,0.0401508684522918,0.08475035690884787,30.2,0.0013294989553739008,0.0028063032089022475
24.3,leu-amc,live,800,32.421356531192586,267.0028731639059,5.420822965886074,80.58868690043225,4.586667264687099e-5,0.7334485312513757,15.0,108.44053571428564,0.2989782032856694,0.04998889880227648,30.2,0.009899940506147993,0.0016552615497442543
24.3,leu-amc,killed,800,15.350102400879257,620.2216260269666,3.6918595569653743,54.88504527615003,0.0011246631287998687,0.570780034802728,15.0,108.44053571428564,0.1415531775066386,0.03404501400373495,30.2,0.004687191308166841,0.0011273183444945347
24.3,mub-nag,live,800,17.48317728873688,95.97000643245886,2.278412419776945,33.872027602260445,3.5186717468915874e-6,0.8191458280458992,15.0,1589.8829107142856,0.010996518781928553,0.0014330693187672068,30.2,3.641231384744554e-4,4.745262644924526e-5
24.3,phe-val-arg-amc,live,800,53.642136415783796,321.21477843583824,3.292248862549748,49.93798599967754,1.5039914756587562e-9,0.9567531645828722,14.0,108.44053571428564,0.49466867774535656,0.030359946498457187,30.2,0.016379757541236974,0.0010052962416707677
24.3,mub-po4,killed,800,105.09237204225671,762.9989336217932,6.733679127051847,100.10626841587985,8.454550992810624e-10,0.9493330902046953,15.0,1589.8829107142856,0.06610069919868623,0.004235330213107714,30.2,0.0021887648741286832,1.4024272228833489e-4
24.3,pro-amc,killed,800,4.814558800974855,575.4316184031729,3.8566237627752433,57.33451301895788,0.23390516061394379,0.10704902325201578,15.0,108.44053571428564,0.04439814659031235,0.035564410830065486,30.2,0.0014701373043149784,0.0011776294976842876
24.3,mub-po4,live,800,224.83131776030666,127.84409693931731,9.453197653157734,140.53600176070393,4.224453843108477e-12,0.9775343370539208,15.0,1589.8829107142856,0.1414137583624299,0.005945845187373391,30.2,0.00468257478021291,1.9688229097262883e-4
24.3,pro-amc,live,800,15.135806002496214,173.8381805639029,3.095800868496812,46.02373633439537,2.957612786789031e-4,0.6477317678691618,15.0,108.44053571428564,0.13957701244095078,0.028548373060914158,30.2,0.004621755378839429,9.453103662554357e-4
30.9,arg-amc,killed,800,15.67335218161869,984.9744379272514,6.311951828501079,111.09603040225686,0.03236924184413653,0.38141394015534436,12.0,1455.8296071428579,0.010765924875218377,0.004335639141787078,30.2,3.5648757864961515e-4,1.4356420999294962e-4
30.9,mub-nag,killed,800,17.0510532534391,685.169113427294,1.1680281756094806,20.558346646796068,4.5375028193763224e-8,0.9551782665130462,12.0,1589.8829107142856,0.010724722643743988,7.34663016841109e-4,30.2,3.5512326634913865e-4,2.4326589961626126e-5
30.9,mub-b-glu,live,800,97.51982445776017,109.49848109545074,14.316583449311812,251.98474788089396,4.908305450349018e-4,0.8854936297821409,8.0,1589.8829107142856,0.06133773990560569,0.00900480365744658,30.2,0.002031050990251844,2.9817230653796627e-4
30.9,orn-amc,live,800,83.78411722508235,2110.119981855007,6.81947146392534,120.0288325494851,1.7716523681172616e-5,0.9617703204380914,8.0,1455.8296071428579,0.057550771610912,0.0046842511173467005,30.2,0.0019056546891030464,1.5510765289227486e-4
30.9,arg-amc,live,800,34.46934846822517,156.12982727093703,18.88951900097498,332.4725273948541,0.09800743933054194,0.24980387334613374,12.0,1455.8296071428579,0.02367677391578337,0.012975089191960214,30.2,7.839991362842176e-4,4.2963871496557e-4
30.9,mub-nag,live,800,22.15974723605369,251.4308958561901,9.5314585557593,167.7622450645268,0.059050990995156476,0.4739236633727117,8.0,1589.8829107142856,0.013937974354412047,0.00599506950576449,30.2,4.6152232961629294e-4,1.985122352902149e-4
30.9,mub-cell,live,800,21.975692463499026,137.1266386755564,8.498989720058123,149.589864749058,0.027150310836554104,0.40068643360689954,12.0,1589.8829107142856,0.013822208110675284,0.005345670214317725,30.2,4.5768901028726106e-4,1.7700894749396443e-4
30.9,mub-cell,killed,800,14.378179593214613,700.4132911356796,7.3254803392893715,128.93504396057634,0.07807733822977443,0.27810538389999057,12.0,1589.8829107142856,0.009043546223636643,0.004607559644752869,30.2,2.994551729681008e-4,1.5256820015737977e-4
30.9,phe-arg-amc,live,800,60.17685163304921,819.7162378681744,9.14009044421019,160.87381422720543,5.893802571862045e-4,0.8784117891324371,8.0,1455.8296071428579,0.041335092608227306,0.0062782693794420745,30.2,0.0013687116757691161,2.0788971455106207e-4
30.9,phe-arg-amc,killed,800,-7.3571541902270425,2040.4004090359247,9.76797871378303,171.92521261885798,0.46869640372913823,0.05368418977682848,12.0,1455.8296071428579,-0.005053581926160881,0.0067095617961453625,30.2,-1.6733714987287687e-4,2.2217092040216434e-4
30.9,phe-val-arg-amc,live,800,55.155491180690355,374.8325913579204,43.85115436898626,771.8197653146303,0.25520357321200626,0.20865548211573434,8.0,1455.8296071428579,0.03788595238761211,0.030121076088737098,30.2,0.0012545017346891427,9.97386625454871e-4
30.9,phe-val-arg-amc,killed,800,-7.457796438518048,2183.0675962809805,17.81117450270225,313.4926941484615,0.6842758044635981,0.017230099277051172,12.0,1455.8296071428579,-0.005122712439647635,0.012234381287009004,30.2,-1.6962623972343162e-4,4.051119631459935e-4
30.9,leu-amc,killed,800,7.379862435648572,2374.4395749289674,14.366557902904763,252.8643432210595,0.6186315702344223,0.02570868764542877,12.0,1455.8296071428579,0.005069180073986776,0.009868296284411942,30.2,1.6785364483399922e-4,3.267647776295345e-4
30.9,mub-po4,killed,800,239.98737193012062,2865.212973387349,24.22707545639249,426.4183226664958,1.7335653591897062e-6,0.9075135089256187,12.0,1589.8829107142856,0.15094656990954236,0.015238276537929456,30.2,0.0049982307917067,5.045786933089224e-4
30.9,pro-amc,killed,800,10.241676934762404,1431.905539567334,10.877467760990026,191.45321794407448,0.3686119304647557,0.08143247286842129,12.0,1455.8296071428579,0.007034942059505325,0.007471662691582175,30.2,2.3294510130812335e-4,2.4740604939013823e-4
30.9,mub-a-glu,live,800,9.500485273018825,179.50851379863266,1.331200790816512,23.430331464234214,3.8120264427964876e-4,0.8946140921540648,8.0,1589.8829107142856,0.005975588019089121,8.372948610526573e-4,30.2,1.9786715294997092e-4,2.7724995399094612e-5
30.9,leu-amc,live,800,95.09782260106338,732.09784243396075,10.073816562181184,177.3082338818499,2.688454333011136e-6,0.8991075695324194,12.0,1455.8296071428579,0.06532208311637366,0.006919639848478956,30.2,0.0021629828846481346,2.291271473006277e-4
30.9,mub-b-glu,killed,800,8.693905814836683,538.7544206262138,3.0421762582929253,53.54503888230633,0.017021211317132284,0.44955056442509916,12.0,1589.8829107142856,0.0054682679814017105,0.0019134593106143703,30.2,1.8106847620535466e-4,6.33595798216679e-5
30.9,pro-amc,live,800,24.329037893493137,319.017011773145,5.73927552658784,101.01641231000123,0.005445510949809302,0.7496817696834437,8.0,1455.8296071428579,0.016711459757464443,0.003942271470801772,30.2,5.533595946180279e-4,1.3053879042389976e-4
30.9,mub-a-glu,killed,800,20.484666216558356,597.3071179002447,23.84412397881707,419.67803215870026,0.4104021858810728,0.06873358287401633,12.0,1589.8829107142856,0.012884386691945273,0.014997408814278428,30.2,4.266353209253402e-4,4.966029408701466e-4
30.9,mub-po4,live,800,256.30790530846485,679.2565949306561,18.92946001774762,333.1755252209203,9.313536765557117e-8,0.9482765529141224,12.0,1589.8829107142856,0.1612118122543462,0.011906197550889577,30.2,0.005338139478620735,3.942449520162112e-4
30.9,orn-amc,killed,800,69.97827411595921,5315.228532084281,19.398794050192564,341.4362264040121,0.004789105008917155,0.5654627502308106,12.0,1455.8296071428579,0.04806762671443072,0.013324906949971788,30.2,0.0015916432686897588,4.4122208443615193e-4
30.9,mub-xylo,killed,800,9.468913832390916,571.4472163614372,2.7481467584784722,48.369855177156914,0.006272642554146609,0.5427924963677292,12.0,1589.8829107142856,0.0059557303047787485,0.001728521477876515,30.2,1.9720961274101816e-4,5.723581052571242e-5
30.9,mub-xylo,live,800,7.47458899485189,128.57453266098395,1.2285673812784175,21.62389112753109,8.965760228222253e-4,0.860513475620921,8.0,1589.8829107142856,0.0047013455799042375,7.727407930477471e-4,30.2,1.556736946988158e-4,2.5587443478402222e-5
37.5,orn-amc,live,800,31.251453637812315,635.5237533746357,6.171263018084803,82.4680307655605,0.001456778927742632,0.7855680408695909,9.0,452.9015625,0.069002750763997,0.013626058130644676,30.2,0.002284859296821093,4.511939778359164e-4
37.5,mub-b-glu,live,800,30.66075196778769,68.4367125836,2.1800625884778935,29.132686143919567,2.1775730218160273e-6,0.965820418325875,9.0,1589.8829107142856,0.01928491196500298,0.0013712095235355781,30.2,6.385732438742708e-4,4.540428885879398e-5
37.5,arg-amc,killed,800,6.118179512361564,234.0783560200426,1.4631765632266842,19.552770555722105,0.004129854848491231,0.7141037799651904,9.0,452.9015625,0.013508850529438314,0.003230672367633274,30.2,4.473129314383548e-4,1.0697590621302232e-4
37.5,mub-cell,killed,800,3.620470729087326,125.62303521547967,0.7876947371772809,10.526148963193233,0.0024951250694990705,0.7511186336184504,9.0,1589.8829107142856,0.002277193310707868,4.954419799527211e-4,30.2,7.54037520101943e-5,1.6405363574593415e-5
37.5,phe-arg-amc,killed,800,2.3977600397369696,396.07537205347677,2.2713149652218263,30.352112992312847,0.3261856603936639,0.13734035176246773,9.0,452.9015625,0.005294218961183137,0.005015030093259672,30.2,1.7530526361533567e-4,1.6606059911455868e-4
37.5,mub-nag,killed,800,6.5559515245211974,147.36338805596085,1.6577122471269998,22.152396388858186,0.005497992142145385,0.6908207995461426,9.0,1589.8829107142856,0.0041235436146526095,0.0010426631017640415,30.2,1.3654117929313278e-4,3.45252682703325e-5
37.5,phe-val-arg-amc,killed,800,14.911158207337298,309.8007711933647,5.510948839335107,73.64409799061853,0.03038593758002646,0.5112070824649237,9.0,452.9015625,0.03292361837973853,0.012168094119426022,30.2,0.0010901860390641897,4.0291702382205374e-4
37.5,arg-amc,live,800,49.96904373859657,163.14679743858605,1.6483341876131454,22.02707518665964,1.0963048289335173e-8,0.9924405362198979,9.0,452.9015625,0.11033091487423731,0.0036394976835902293,30.2,0.0036533415521270633,1.205131683308023e-4
37.5,mub-nag,live,800,19.510633640092063,94.963710129983,1.3879191391366643,18.547087999816608,2.184616169488744e-6,0.9657889918701017,9.0,1589.8829107142856,0.012271742471479573,8.729694053464069e-4,30.2,4.063490884595885e-4,2.8906271700212148e-5
37.5,mub-cell,live,800,5.222900391104173,87.7302411519695,2.114485894579538,28.256369449255075,0.04282941715300551,0.4656970195570199,9.0,1589.8829107142856,0.00328508493041018,0.0013299632824089948,30.2,1.0877764670232385e-4,4.403851928506605e-5
37.5,leu-amc,live,800,69.22136654711859,354.171999139183,2.286609081159053,30.55649183987568,1.1070198235486347e-8,0.9924195175402931,9.0,452.9015625,0.15283976095162752,0.005048799276683999,30.2,0.005060919236808859,1.671787839961589e-4
37.5,phe-arg-amc,live,800,29.486612174278008,452.2156102186315,5.035901045107531,67.2959232337388,6.272307335416467e-4,0.8304440489525948,9.0,452.9015625,0.06510600672586112,0.011119195564946921,30.2,0.0021558280372801692,3.681852836075139e-4
37.5,mub-po4,killed,800,89.81381765532257,351.50182740235437,0.6522025194783773,8.715534775312634,0.004622871316320646,0.9999472702479212,3.0,1589.8829107142856,0.05649083781583134,4.102204728934175e-4,30.2,0.0018705575435705743,1.3583459367331705e-5
37.5,phe-val-arg-amc,live,800,55.632446548718924,465.3396509012154,5.752857775728323,76.87678367432336,2.6672364956444546e-5,0.9303598114808465,9.0,452.9015625,0.12283562512266431,0.012702225499008568,30.2,0.004067404805386235,4.206034933446546e-4
37.5,mub-a-glu,killed,800,3.167367221982756,128.56662583260297,0.585495184837807,7.82410906402698,9.980298089387995e-4,0.8069770161079769,9.0,1589.8829107142856,0.0019922015644282605,3.6826308459077787e-4,30.2,6.596693921947883e-5,1.2194141873866817e-5
37.5,leu-amc,killed,800,7.3627809444665715,441.51997474854227,2.622949352542968,31.180151454356945,0.030875395563131822,0.5677107597766547,8.0,452.9015625,0.016256912216915945,0.005791433657381051,30.2,5.383083515535081e-4,1.9176932640334606e-4
37.5,mub-po4,live,800,101.75055049742926,185.7809726058487,4.141653091481297,55.34587872330818,4.7168505678874866e-8,0.988535262664552,9.0,1589.8829107142856,0.06399876985388557,0.0026050051004199923,30.2,0.0021191645646981977,8.625844703377458e-5
37.5,pro-amc,killed,800,5.3566828538451015,216.938414810224,0.8347821650767366,11.155389272884094,3.6144214210941664e-4,0.8546998328282202,9.0,452.9015625,0.011827477088567346,0.0018431867632974586,30.2,3.916383141909717e-4,6.10326742813728e-5
37.5,mub-a-glu,live,800,5.337346711848851,87.11421651842045,1.5022828482718933,20.075356987184225,0.009308455903877709,0.6432677326340029,9.0,1589.8829107142856,0.0033570690494754392,9.449015635981418e-4,30.2,1.111612268038225e-4,3.1288131244971586e-5
37.5,mub-xylo,killed,800,3.528596436407762,112.73802102197818,0.2342307468681598,3.2584083213171047,5.392581130056567e-6,0.9742425903078871,8.0,1589.8829107142856,0.0022194064812121744,1.4732578436416248e-4,30.2,7.349028083484021e-5,4.878337230601407e-6
37.5,pro-amc,live,800,81.95558170801029,167.65702663952106,1.7166579847281243,22.940102063975694,4.6277351596849676e-10,0.9969382004215126,9.0,452.9015625,0.18095672104909172,0.003790355624414796,30.2,0.005991944405599064,1.255084643845959e-4
37.5,mub-xylo,live,800,6.912566137066879,104.03025206252528,0.2270449121937359,3.0340542526038385,1.0639390136202213e-8,0.9925049305304656,9.0,1589.8829107142856,0.004347846052361978,1.428060586497729e-4,30.2,1.4396841232986683e-4,4.728677438734202e-6
37.5,mub-b-glu,killed,800,3.9226632072957797,137.76535255488432,0.8858055325893786,11.83722646398487,0.003050300328114521,0.7369444248181761,9.0,1589.8829107142856,0.0024672654702184624,5.571514270767357e-4,30.2,8.169753212643916e-5,1.844872275088529e-5
37.5,orn-amc,killed,800,22.250497097420194,820.7598102529304,4.337139525760605,61.47396460986562,0.002156535323956357,0.81435182800235,8.0,452.9015625,0.049128770884777406,0.00957634039021582,30.2,0.0016267804928734241,3.1709736391443116e-4
43.15,mub-b-glu,live,800,34.93755351745056,80.04454161551341,2.8663499985257075,48.38528101023145,5.725280626783754e-6,0.9550037249241685,9.0,530.6024910714285,0.06584506123765511,0.0054020666068449455,30.2,0.0021803000409819574,1.7887637771009753e-4
43.15,orn-amc,live,800,61.78153764017704,830.2272933495647,9.817590122277466,165.72535006331933,4.069211408378814e-4,0.8497890660985553,9.0,644.759255952381,0.09582109457105638,0.015226753290692657,30.2,0.0031728839261939198,5.041971288308827e-4
43.15,mub-cell,killed,800,5.342877923471335,112.89685700824988,0.5736589293192065,9.683621509381197,3.411817114246284e-5,0.925329117868745,9.0,530.6024910714285,0.010069455031548444,0.0010811463175772799,30.2,3.334256632963061e-4,3.579954693964503e-5
43.15,arg-amc,killed,800,6.805748161063025,257.32093085115525,7.0482979337054275,118.978448668718,0.3664167187499508,0.11753869701138321,9.0,644.759255952381,0.010555487336137858,0.010931673905625921,30.2,3.4951944821648537e-4,3.6197595713993117e-4
43.15,mub-cell,live,800,8.224541942206313,120.4113008394287,0.6856492341342153,11.574068374447485,6.375185613522548e-6,0.9536074518397627,9.0,530.6024910714285,0.015500383207019554,0.001292208848755508,30.2,5.132577220867402e-4,4.2788372475347946e-5
43.15,phe-arg-amc,killed,800,7.536396622469396,303.09029967388966,2.4110815097557516,38.90998861641792,0.02043524535009526,0.619535717347668,8.0,644.759255952381,0.01168869861563647,0.003739506625917788,30.2,3.870430005177639e-4,1.2382472271250955e-4
43.15,arg-amc,live,800,55.947530459811624,198.07952545281327,2.6690820434858558,45.055308939888924,1.4141082098539374e-7,0.9843182124814462,9.0,644.759255952381,0.08677274493279033,0.004139656808095489,30.2,0.0028732696997612692,1.3707472874488374e-4
43.15,mub-nag,killed,800,14.061914403028963,147.4416663227794,3.7538400462523422,63.3665133702446,0.007205762119521792,0.6671829302231091,9.0,530.6024910714285,0.02650178738255486,0.007074674750720326,30.2,8.775426285614193e-4,2.3426075333511014e-4
43.15,phe-val-arg-amc,live,800,94.17914599044684,503.9001918202982,8.738028437379443,147.501861822687,1.3028092508701828e-5,0.9431665720567224,9.0,644.759255952381,0.1460686994734706,0.013552389293694444,30.2,0.004836711903095053,4.487546123739882e-4
43.15,phe-arg-amc,live,800,34.072847179952745,528.7723910135387,2.764855460660909,46.672007426015384,5.317546203685754e-6,0.9559388172158474,9.0,644.759255952381,0.05284584418974082,0.004288198168752011,30.2,0.001749862390388769,1.4199331684609307e-4
43.15,leu-amc,killed,800,6.0256504627002725,198.10383030196738,5.063118327899837,85.467721391139,0.2727967958534799,0.16828590348131336,9.0,644.759255952381,0.009345581947171458,0.007852726860696322,30.2,3.094563558666046e-4,2.600240682349776e-4
43.15,mub-nag,live,800,37.852032115628646,171.8742693427971,1.1600918228481036,19.582873297067007,6.572671736148301e-9,0.993467819522105,9.0,530.6024910714285,0.07133783341121384,0.0021863670871683388,30.2,0.002362179914278604,7.239626116451454e-5
43.15,mub-a-glu,killed,800,6.218474739763338,99.6625363574776,0.729903042191962,12.321092617735376,6.085962035414766e-5,0.9120419757936974,9.0,530.6024910714285,0.011719648596459796,0.001375611789379451,30.2,3.880678343198608e-4,4.55500592509752e-5
43.15,phe-val-arg-amc,killed,800,5.427560842248611,302.21088530329126,1.9650645670053277,33.17117634856371,0.02801403981608864,0.5214915771429746,9.0,644.759255952381,0.008417964987926387,0.0030477492938084452,30.2,2.7874056251411876e-4,1.0091885078835911e-4
43.15,mub-xylo,killed,800,6.102617120159688,99.40249143924808,1.0810197684778258,17.889035457090582,0.0013247212785091598,0.8415579959787487,8.0,530.6024910714285,0.011501297530354351,0.0020373439376339102,30.2,3.8083766656802487e-4,6.746171978920233e-5
43.15,mub-po4,killed,800,93.98672148229153,460.53043116581193,14.837910438101801,250.4706217040728,3.910921913473237e-4,0.8514508668833874,9.0,530.6024910714285,0.1771320773344037,0.02796426833228786,30.2,0.0058653005739868775,9.25969150075757e-4
43.15,pro-amc,killed,800,6.227914444295426,146.67935464402515,0.6093461258017303,10.286037484807226,1.852387263679919e-5,0.9371981692135708,9.0,644.759255952381,0.009659286604728312,9.450754218357959e-4,30.2,3.198439273088845e-4,3.129388814025814e-5
43.15,leu-amc,live,800,69.85919055823214,502.42357876565103,7.873290957198432,132.90470306672273,4.678591672388864e-5,0.9183473091437131,9.0,644.759255952381,0.10834926356356431,0.012211210439420072,30.2,0.003587723959058421,4.0434471653708846e-4
43.15,mub-po4,live,800,215.60590626321823,623.094311623731,29.76240891575438,502.4028885763715,1.7077885616651145e-4,0.8823113078656359,9.0,530.6024910714285,0.4063416774162748,0.05609172481579592,30.2,0.013455022431002477,0.0018573418813177458
43.15,mub-a-glu,live,800,12.51398649554838,97.05649687234563,1.9428131137087126,32.79556177909504,3.5320757632361147e-4,0.8556363212710476,9.0,530.6024910714285,0.023584485007372074,0.003661522790414445,30.2,7.809432121646383e-4,1.2124247650378957e-4
43.15,mub-xylo,live,800,12.732412360338804,92.09526108778392,3.151052026349194,53.19117967142338,0.015595161140143728,0.8032187970376401,6.0,530.6024910714285,0.02399614131970744,0.005938630291739445,30.2,7.945742158843523e-4,1.9664338714369024e-4
43.15,pro-amc,live,800,19.844098895090326,204.74006186531304,2.7036868652389394,45.63945394161347,1.5731896357084043e-4,0.8850015262098718,9.0,644.759255952381,0.0307775324074695,0.004193327727021606,30.2,0.0010191235896513078,1.3885191149078167e-4
43.15,orn-amc,killed,800,29.000886971144425,569.4666881080356,2.2897759908789173,38.652451663663754,4.422948695836055e-6,0.9581869613258892,9.0,644.759255952381,0.04497940386804823,0.003551365831106471,30.2,0.0014893842340413322,1.175948950697507e-4
43.15,mub-b-glu,killed,800,6.7323379517388675,102.6118401749698,2.397647269938195,40.47336751584538,0.026225150300425982,0.529704702937507,9.0,530.6024910714285,0.012688100913632113,0.004518725995983741,30.2,4.20135791842123e-4,1.4962668860873317e-4
48.22,mub-cell,killed,800,3.4255722307882914,389.4805952916365,1.3839929244112477,22.170561444385637,0.042511837580077996,0.46671963530839816,9.0,171.17607142857136,0.02001198065944468,0.008085200886204253,30.2,6.626483662067775e-4,2.6772188364914746e-4
48.22,mub-cell,live,800,1.8821895803674102,88.95842998007697,0.2204625564374334,3.531650030480987,6.004244797960689e-5,0.9123775156394337,9.0,171.17607142857136,0.01099563487267444,0.001287928590705088,30.2,0.00036409386995610733,4.2646642076327414e-5
48.22,mub-b-glu,live,800,6.921363681356387,77.70610801020136,1.1725834651176548,18.78393545481504,5.978717263693998e-4,0.8327016501111921,9.0,171.17607142857136,0.04043417764874073,0.0068501599279134785,30.2,0.0013388800545940638,2.2682648767925425e-4
48.22,mub-nag,killed,800,9.383613622065607,342.3729879354605,0.5970290329075109,9.563971480409782,1.021850882130402e-6,0.972444176911833,9.0,171.17607142857136,0.054818489195092995,0.003487806607108869,30.2,0.0018151817614269203,1.1549028500360492e-4
48.22,phe-arg-amc,live,800,4.657882751065739,277.2994223571977,2.13698869304801,34.23300675134089,0.0656748508068446,0.4042991540732208,9.0,229.21180357142848,0.020321304044947315,0.009323205261469302,30.2,6.72890862415474e-4,3.087154060089173e-4
48.22,arg-amc,killed,800,6.7718164503521905,508.2372595268827,1.6443322585809996,26.34100849132866,0.004469216006438781,0.7078489603331285,9.0,229.21180357142848,0.029543925508364637,0.007173855067496915,30.2,9.782756790849218e-4,2.3754486978466607e-4
48.22,orn-amc,live,800,33.752162867959925,651.0764939727128,15.306779653795447,245.20349262226753,0.06325803879285516,0.4098917635135828,9.0,229.21180357142848,0.14725316210620826,0.06678006723604638,30.2,0.004875932520073121,0.002211260504504847
48.22,phe-val-arg-amc,killed,800,-0.2751121542450492,1026.1576849512574,1.4318656232827074,22.93744730999783,0.8530910824486085,0.0052460528474994154,9.0,229.21180357142848,-0.001200252997264676,0.006246910503614183,30.2,-3.974347673061841e-5,2.068513411792776e-4
48.22,phe-arg-amc,killed,800,0.6130431749831894,1104.9564531556323,3.2988789486075465,52.845644755595046,0.8578454734220364,0.004909237232149597,9.0,229.21180357142848,0.002674570704610982,0.014392273422252133,30.2,8.85619438612908e-5,4.7656534510768654e-4
48.22,arg-amc,live,800,18.028955226656873,113.22953396116232,0.3555680695139908,5.695942221796412,3.039251838151831e-10,0.9972846765307796,9.0,229.21180357142848,0.0786563123964014,0.0015512642192669031,30.2,0.00260451365550998,5.136636487638752e-5
48.22,mub-nag,live,800,7.620192879392913,90.38386554865629,1.5970086318708285,25.58291836294499,0.0020320864756397487,0.7648450607808881,9.0,171.17607142857136,0.04451669451108229,0.009329625446727413,30.2,0.0014740627321550427,3.089279949247488e-4
48.22,phe-val-arg-amc,live,800,11.416251586900357,284.14429219649156,1.2864961490366593,20.60873391554093,4.675250858804501e-5,0.91836381131273,9.0,229.21180357142848,0.049806560609095114,0.0056126958951996245,30.2,0.001649223861228315,1.8585085745694122e-4
48.22,leu-amc,live,800,6.3827247585685996,281.8010271167584,3.4412508228358867,55.12633877494816,0.10602248672886191,0.3295126671787713,9.0,229.21180357142848,0.027846405198672822,0.015013410170054796,30.2,9.220663973070471e-4,4.971327870879072e-4
48.22,leu-amc,killed,800,-4.1170847137401205,1169.4869227541305,4.545854375825792,72.82128541180855,0.3952090237817666,0.10488845462420478,9.0,229.21180357142848,-0.017961922770077274,0.01983254921864957,30.2,-5.947656546383204e-4,6.567069277698533e-4
48.22,mub-a-glu,live,800,2.7266901526812397,68.722403213195,0.3125631864520855,5.007035229921301,5.2226443183957494e-5,0.9157661415924228,9.0,171.17607142857136,0.015929154875008553,0.0018259747629651166,30.2,5.274554594373694e-4,6.0462740495533663e-5
48.22,mub-a-glu,killed,800,3.4824102682999243,310.3700508450293,0.39387773236060125,6.309635195996976,4.7881254663339256e-5,0.9178108974393813,9.0,171.17607142857136,0.020344024951834874,0.0023010093003855343,30.2,6.736432103256581e-4,7.619236093991835e-5
48.22,mub-xylo,live,800,2.4030952113641657,78.84928737904626,0.2777282475760887,4.449004810011282,5.50608967172459e-5,0.9144975178273254,9.0,171.17607142857136,0.014038733283856986,0.0016224712090788906,30.2,4.648587180085095e-4,5.372421222115532e-5
48.22,mub-xylo,killed,800,3.8187761452421563,334.6231029861517,2.2459460396542337,35.97842430741555,0.13287144586236832,0.2922867141232675,9.0,171.17607142857136,0.02230905355738148,0.013120677562643011,30.2,7.387103826947511e-4,4.3445952194182157e-4
48.22,mub-po4,killed,800,41.33328773866616,2259.269101876954,11.03791783850109,176.81942684835008,0.007218475216107648,0.6670234988699042,9.0,171.17607142857136,0.24146650518214388,0.06448283189573614,30.2,0.007995579641792844,0.002135193109130336
48.22,pro-amc,killed,800,1.8852738304104268,479.01785760313766,0.5627286356142172,9.014504028413011,0.012246802777106127,0.6158928695782615,9.0,229.21180357142848,0.008225029431448653,0.0024550595861388786,30.2,2.7235196792876334e-4,8.129336377943307e-5
48.22,mub-b-glu,killed,800,3.1942767288494642,322.40878163033165,0.7516707882085975,12.041220082839505,0.0037951523017108434,0.7206574046318187,9.0,171.17607142857136,0.018660766672533302,0.004391214157069003,30.2,6.17906181209712e-4,1.4540444228705308e-4
48.22,orn-amc,killed,800,19.93824637462607,1673.3612144402007,5.166134254818393,82.75771855923352,0.006216215874913908,0.6802933220475748,9.0,229.21180357142848,0.08698612403009508,0.022538692049550092,30.2,0.0028803352327846053,7.463143062764932e-4
48.22,mub-po4,live,800,89.20917548942298,500.150382488105,8.906588857099681,142.67708456689573,2.1168662045062667e-5,0.934775729979281,9.0,171.17607142857136,0.5211544741324918,0.0520317400835796,30.2,0.017256770666638804,0.0017229053007807816
48.22,pro-amc,live,800,6.17118707122135,102.39531208320683,1.7601739821782387,28.19670876662355,0.009912483143481596,0.6371572550685204,9.0,229.21180357142848,0.0269235134276069,0.007679246682554556,30.2,8.915070671393013e-4,2.5427969147531645e-4
54.95,arg-amc,killed,800,8.733104295340288,851.7426862912483,3.070088686500264,37.09396414733776,0.024880916573038127,0.5361664126794032,9.0,1347.9606666666666,0.006478753061048979,0.0022775803199749133,30.2,2.1452824705460194e-4,7.541656688658654e-5
54.95,mub-nag,killed,800,7.399928679943514,552.2628280464797,2.06352771856878,24.932316628574185,0.008903860080473752,0.647529305584736,9.0,627.7616517857141,0.011787799810475638,0.003287119741543505,30.2,3.9032449703561714e-4,1.0884502455442069e-4
54.95,arg-amc,live,800,-0.07620685993593154,496.0151127157889,1.2110957497555714,14.632913543496894,0.9515861869467455,5.65311152401978e-4,9.0,1347.9606666666666,-5.653492851863498e-5,8.98465199841814e-4,30.2,-1.8720175006170523e-6,2.975050330602033e-5
54.95,mub-nag,live,800,1.4138328301353607,344.44138668179454,1.0270284757212524,12.408943632220316,0.21104461240997077,0.21304950390658162,9.0,627.7616517857141,0.002252180944971088,0.0016360165881426406,30.2,7.457552797917509e-5,5.4172734706709956e-5
54.95,leu-amc,killed,800,-21.011125176314387,1978.3145021921373,7.131814333862814,86.16925835694552,0.021525441432235445,0.5535593866692303,9.0,1347.9606666666666,-0.015587342936550366,0.005290817833356276,30.2,-5.161371833294823e-4,1.7519264348861841e-4
54.95,mub-po4,killed,800,84.84680644171448,4330.6968497256585,6.566253904814991,79.33594491863968,3.8640027116398055e-6,0.9597629294416382,9.0,627.7616517857141,0.13515767680354718,0.010459788179377953,30.2,0.00447541976170686,3.463506019661574e-4
54.95,phe-val-arg-amc,live,800,-19.013953480594342,1463.1129715101597,3.5070573906046962,42.373584086276956,9.85398001498905e-4,0.8076607530846461,9.0,1347.9606666666666,-0.01410571832753355,0.0026017505386690533,30.2,-4.670767658123692e-4,8.615068008837926e-5
54.95,phe-val-arg-amc,killed,800,-15.921256386823936,2498.3544500858548,5.572413302389304,67.32798963166339,0.024436826441223417,0.5383603658832335,9.0,1347.9606666666666,-0.011811365702676737,0.004133958386314911,30.2,-3.9110482459194494e-4,1.3688603928195067e-4
54.95,leu-amc,live,800,-21.019269207711936,1270.440347881064,4.335630326559734,52.38471337870364,0.0018605201284448887,0.7705174022196419,9.0,1347.9606666666666,-0.015593384679161215,0.003216436824734056,30.2,-5.163372410318284e-4,1.0650453062033297e-4
54.95,mub-cell,live,800,-0.8191350122949768,329.7392079655502,0.8106647390502129,9.794755733951964,0.345925325796043,0.1272915445149321,9.0,627.7616517857141,-0.0013048503519845264,0.0012913575347334734,30.2,-4.3206965297500874e-5,4.276018326932031e-5
54.95,pro-amc,killed,800,11.286243422961373,845.7229655905116,4.708807154527768,56.8935759200797,0.04768725755539472,0.45075758572361263,9.0,1347.9606666666666,0.008372828452680895,0.003493282312288861,30.2,2.772459752543343e-4,1.1567159974466428e-4
54.95,mub-cell,killed,800,1.8686423353514237,514.7969214958204,1.89992761591283,22.955638766105512,0.35811011666633397,0.12141295079175454,9.0,627.7616517857141,0.0029766748733949158,0.003026511113745713,30.2,9.856539315877205e-5,1.002155997929044e-4
54.95,mub-b-glu,live,800,0.04174137993021642,234.26320794492617,1.0011095149339666,12.095781016948825,0.967906098737293,2.482930370935398e-4,9.0,627.7616517857141,6.649240171246524e-5,0.0015947286873708151,30.2,2.2017351560418956e-6,5.2805585674530304e-5
54.95,mub-po4,live,800,41.355328812215866,2732.657234700678,12.290609769136879,148.49976162903374,0.012005451878473983,0.6179418044943203,9.0,627.7616517857141,0.06587743723207302,0.01957846538439444,30.2,0.0021813720937772525,6.482935557746503e-4
54.95,pro-amc,live,800,-2.7174211570571316,565.8885386063353,3.519681269166863,42.52611052658614,0.4653381694226115,0.07847250032248973,9.0,1347.9606666666666,-0.0020159498895297627,0.002611115707011379,30.2,-6.675330760032327e-5,8.646078500037679e-5
54.95,mub-a-glu,live,800,-1.4230594548405249,247.8436550358398,1.6952760139016796,20.482961276013015,0.428963057642454,0.09145618701084479,9.0,627.7616517857141,-0.002266878600807373,0.0027005090372744854,30.2,-7.506220532474745e-5,8.942082904882402e-5
54.95,mub-a-glu,killed,800,2.9950194687868184,338.13230684569413,1.1290721083641444,13.641873113171066,0.03281580970384991,0.5012997496159639,9.0,627.7616517857141,0.004770950025805599,0.0017985681431040203,30.2,1.579784776756821e-4,5.955523652662319e-5
54.95,orn-amc,live,800,9.746803849778066,3026.4940939649405,11.724387783146758,141.65845501137554,0.4332271888650956,0.08985771220753681,9.0,1347.9606666666666,0.00723077764122054,0.00869787084525223,30.2,2.3942972321922318e-4,2.880089683858354e-4
54.95,mub-b-glu,killed,800,3.195696382242058,298.0054457308439,0.6081653535719121,7.348082132039594,0.0011802123692196311,0.797754216179804,9.0,627.7616517857141,0.005090620577334829,9.687838558502915e-4,30.2,1.6856359527598773e-4,3.207893562418184e-5
54.95,phe-arg-amc,live,800,-18.09723983856417,1872.8282206286922,8.281961731071597,100.06577102246418,0.06514456196150531,0.4055117709688821,9.0,1347.9606666666666,-0.013425643853033426,0.006144067802476628,30.2,-4.4455774347792803e-4,2.0344595372439166e-4
54.95,mub-xylo,killed,800,-0.16019471295140753,367.5307650894595,0.67568811414833585,8.163917476133951,0.8193807087383084,0.00796585467120322,9.0,627.7616517857141,-2.551839738788152e-4,0.0010763449984979034,30.2,-8.449800459563418e-6,3.564056286416899e-5
54.95,orn-amc,killed,800,81.64284228401435,5932.027189709679,38.175295759828735,461.24825593991204,0.06977529894699831,0.39518250820411416,9.0,1347.9606666666666,0.060567674044901175,0.028320778716957175,30.2,0.002005552120692092,9.377741297005687e-4
54.95,phe-arg-amc,killed,800,-7.1389456838824215,3395.183599725868,8.484118379509098,102.50830354677205,0.42790329965316853,0.0918567422907776,9.0,1347.9606666666666,-0.005296108306732804,0.006294040018607688,30.2,-1.7536782472625179e-4,2.0841192114594994e-4
54.95,mub-xylo,live,800,-0.3392398268586491,235.3772094181493,0.4227647943378177,5.108002968409454,0.4486846009975429,0.08423667992668142,9.0,627.7616517857141,-5.403959064617225e-4,6.734479449887266e-4,30.2,-1.7893904187474255e-5,2.2299600827441278e-5
61.55,arg-amc,killed,800,4.539943299734623,570.2346387723443,2.540124193399071,35.26856208597118,0.09721467428745734,0.19725397630872235,15.0,2533.4822642857134,0.0017919775337423207,0.001002621660000146,30.2,5.9337004428553666e-5,3.3199392715236624e-5
61.55,phe-val-arg-amc,killed,800,-8.451029310607614,1700.5888857440302,2.45404105263443,34.0733336784379,0.0043603748837832915,0.47705487327026147,15.0,2533.4822642857134,-0.0033357365195490272,9.686434703841588e-4,30.2,-1.1045485164069627e-4,3.207428709881321e-5
61.55,arg-amc,live,800,4.543209427506129,788.237016876463,2.3487565642165125,32.61150258919176,0.07514196225418006,0.22348804406664113,15.0,2533.4822642857134,0.0017932667189154512,9.270862469916353e-4,30.2,5.937969267931958e-5,3.069822009906077e-5
61.55,leu-amc,live,800,-8.841530061986296,1522.6610383254417,4.406596353071822,61.18374742069594,0.06607473588889153,0.23645129921069086,15.0,2533.4822642857134,-0.0034898724915601747,0.0017393436753796309,30.2,-1.1555869177351572e-4,5.759416143641162e-5
61.55,leu-amc,killed,800,-1.2396256981275107,1045.4998232941061,4.072705465999883,56.54781209468387,0.7656605654741854,0.007075999455152362,15.0,2533.4822642857134,-4.892971684082459e-4,0.0016075523888256372,30.2,-1.6201892993650525e-5,5.323021155051779e-5
61.55,mub-nag,killed,800,6.471440551193413,602.1744981717918,3.2456592575924486,45.06462138102333,0.06757710318564802,0.23419223753730214,15.0,861.3219732142859,0.007513381467609908,0.0037682299517801457,30.2,2.487874658148976e-4,1.2477582621788562e-4
61.55,mub-b-glu,live,800,1.9281569873330648,294.3148959978094,1.852236305462294,25.717526452779893,0.3168546935636509,0.07694431622707046,15.0,861.3219732142859,0.002238601878618699,0.0021504575095769455,30.2,7.412589002048671e-5,7.120720230387237e-5
61.55,orn-amc,live,800,28.526983043660067,5542.501407756136,14.248603430144065,197.8358995281879,0.06659066437895785,0.23567014155644173,15.0,2533.4822642857134,0.011259989243186167,0.00562411808876874,30.2,3.728473259333168e-4,1.8622907578704436e-4
61.55,mub-nag,live,800,1.2295463050538824,911.2472111153393,2.9265544740648872,40.63398491883045,0.6812483257896867,0.01339602842566747,15.0,861.3219732142859,0.0014275106676606135,0.003397747375634173,30.2,4.726856515432495e-5,1.1250819124616467e-4
61.55,phe-val-arg-amc,live,800,-25.66554266834202,2564.236658856904,9.317213510577815,129.36561291766617,0.016391952748526444,0.3685650078973175,15.0,2533.4822642857134,-0.010130539704243057,0.0036776312358376417,30.2,-3.354483345775847e-4,1.2177586873634575e-4
61.55,mub-a-glu,killed,800,1.4412148053841314,245.88414261367407,1.2980649588185895,18.02308907205647,0.2869936186236304,0.08661171933891475,15.0,861.3219732142859,0.0016732590717566374,0.0015070612374771582,30.2,5.5405929528365475e-5,4.990268998268736e-5
61.55,mub-xylo,killed,800,2.159339519586653,270.357597580704,1.6926105537283709,23.501189649178887,0.2243701176790196,0.11126457573319397,15.0,861.3219732142859,0.0025070061913414544,0.0019651310501366615,30.2,8.301345004441902e-5,6.507056457406164e-5
61.55,mub-po4,killed,800,179.83146725493722,3740.5311620643492,12.550004339180607,174.2515615440462,2.4243037069976365e-9,0.9404559736498221,15.0,861.3219732142859,0.20878541689101604,0.014570630646222148,30.2,0.00691342440036477,4.824712134510645e-4
61.55,pro-amc,killed,800,7.74979957535869,572.4311889512974,2.333045435198198,32.39336013353425,0.005512164452951804,0.4591005060946006,15.0,2533.4822642857134,0.0030589515800473377,9.208848501080681e-4,30.2,1.0128978741878602e-4,3.0492875831392984e-5
61.55,mub-cell,killed,800,2.05273798868926,420.4472070274586,1.9569454033560572,27.171368485239935,0.31331154478310524,0.07803355341524193,15.0,861.3219732142859,0.0023832411717407387,0.0022720254030593437,30.2,7.891527058744168e-5,7.523262924037563e-5
61.55,phe-arg-amc,killed,800,-3.989423881139493,2090.2946202940298,7.375348373110382,102.40362761736972,0.597714372107532,0.02201130395540352,15.0,2533.4822642857134,-0.00157468001153119,0.0029111505839531813,30.2,-5.214172223613212e-5,9.639571470043647e-5
61.55,mub-po4,live,800,388.80388174042344,5247.235499905795,27.767707775070956,385.5430093517226,3.2179754954999264e-9,0.9378158373076776,15.0,861.3219732142859,0.4514036490785009,0.0322384760154757,30.2,0.014947140697963606,0.0010674992058104537
61.55,pro-amc,live,800,3.653042033236533,720.1201392179765,3.326097189445023,46.18146842377103,0.29200054240849843,0.08491019403207505,15.0,2533.4822642857134,0.001441905508766791,0.0013128559202220341,30.2,4.774521552207917e-5,4.3472050338477954e-5
61.55,mub-a-glu,live,800,2.5301545162841057,305.79140759736003,1.6147523540955562,22.42016110939817,0.1411481840322681,0.1588577267236737,15.0,861.3219732142859,0.0029375246365096917,0.0018747372113004557,30.2,9.726902769899641e-5,6.20773911026641e-5
61.55,mub-xylo,live,800,1.5667801714198644,326.39052140370677,0.9814825081264005,13.627474146384127,0.13442532131056995,0.16389587365447728,15.0,861.3219732142859,0.0018190412182019992,0.0011395071049490342,30.2,6.0233152920596004e-5,3.773202334268325e-5
61.55,mub-cell,live,800,-1.3904606908775343,558.4784150376207,1.415690611411091,19.656272064503074,0.3439386344981117,0.06907961605078645,15.0,861.3219732142859,-0.001614333239042545,0.0016436253287815349,30.2,-5.345474301465381e-5,5.4424679760977974e-5
61.55,phe-arg-amc,live,800,-8.785657192520988,2929.8412810725363,4.181547994147655,58.05904507752356,0.055705952170908644,0.2534925191484046,15.0,2533.4822642857134,-0.0034678187080176798,0.0016505140190221917,30.2,-1.1482843404032052e-4,5.465278208682754e-5
61.55,mub-b-glu,killed,800,2.8143497203581602,203.1652113215861,1.7439685214844036,24.214273552367544,0.13057885468982258,0.1668924087075614,15.0,861.3219732142859,0.0032674769805947886,0.002024757960111307,30.2,1.0819460200644995e-4,6.704496556659958e-5
61.55,orn-amc,killed,800,40.37594156833933,3961.2714162421225,18.703554995603685,259.69103884960714,0.05014993152282609,0.26387811887028517,15.0,2533.4822642857134,0.015936934762684384,0.007382548225920556,30.2,5.277130716120657e-4,2.444552392688926e-4
68.12,phe-val-arg-amc,live,800,-6.417464887323549,528.4853509150778,2.129476370402494,31.65938413665273,0.0130364108662512,0.4759458338173034,12.0,493.5613571428572,-0.013002364942979251,0.004314511943823298,30.2,-4.305418855291143e-4,1.428646339014337e-4
68.12,arg-amc,killed,800,-0.7839703926538715,191.90138803765913,1.379984419686411,20.51652577726895,0.5824969694977027,0.03126482666460122,12.0,493.5613571428572,-0.0015883950015701043,0.0027959733875336317,30.2,-5.259586097914253e-5,9.2581900249458e-5
68.12,mub-b-glu,live,800,1.2536712786566422,49.74155871266692,0.5160783491165987,7.672648039857695,0.03549711251970435,0.37111435585139596,12.0,328.07464583333336,0.0038212988860270697,0.0015730516078306578,30.2,1.2653307569626058e-4,5.208780158379662e-5
68.12,arg-amc,live,800,-0.08924211834484785,168.93578620519685,0.19151886720043157,2.847352274197343,0.651220741839516,0.02125141056926346,12.0,493.5613571428572,-1.808126123597992e-4,3.880345663791463e-4,30.2,-5.987172594695338e-6,1.2848826701296235e-5
68.12,mub-a-glu,killed,800,0.7767136605418271,57.93407693393097,0.421487146203752,6.26634024016145,0.095162315925831,0.25350220729869416,12.0,328.07464583333336,0.0023674906622818052,0.0012847294100802704,30.2,7.839373053913263e-5,4.254070894305531e-5
68.12,leu-amc,live,800,-1.3958972572487407,270.2879850959968,1.4133941660108875,21.013235676235706,0.3466319264186396,0.0888710227425145,12.0,493.5613571428572,-0.0028282142372923046,0.0028636645587344725,30.2,-9.364947805603658e-5,9.482332975941962e-5
68.12,leu-amc,killed,800,-4.811506008682986,311.47252215959867,1.8781796808243154,27.923302094041954,0.028286093632860127,0.3962365909618395,12.0,493.5613571428572,-0.009748546840327972,0.0038053620966130297,30.2,-3.227995642492706e-4,1.2600536743751753e-4
68.12,mub-nag,killed,800,0.18739649874835654,190.63782166668062,1.0374749533750711,15.424363725082824,0.8602681404427912,0.0032520189517848265,12.0,328.07464583333336,5.712007956980517e-4,0.003162313719000777,30.2,1.891393363238582e-5,1.0471237480135023e-4
68.12,pro-amc,killed,800,0.5659223513695579,151.97159724381925,0.8783613181435321,13.058787018438078,0.5338841389270523,0.03985687696140261,12.0,493.5613571428572,0.0011466099263637377,0.0017796395634135874,30.2,3.7967216104759526e-5,5.892846236468833e-5
68.12,phe-arg-amc,killed,800,-1.694642142807992,649.2587639904982,1.5072007108220686,22.40787779482751,0.28712323535814666,0.11223122194315419,12.0,493.5613571428572,-0.003433498425845142,0.0030537251124095233,30.2,-1.136920008557994e-4,1.0111672557647428e-4
68.12,phe-val-arg-amc,killed,800,-6.000979873449186,545.8205944407679,3.3402995224230954,49.6609528904433,0.10262899024880275,0.24400233043042532,12.0,493.5613571428572,-0.012158528593461688,0.006767749286045247,30.2,-4.0260028455171154e-4,2.2409765847831946e-4
68.12,mub-nag,live,800,0.9331856015411351,186.98172292202656,0.3642372078143851,5.415193067804667,0.028274698142138708,0.3962804690526039,12.0,328.07464583333336,0.002844430721462111,0.0011102266281175011,30.2,9.418644773053348e-5,3.676247112971858e-5
68.12,mub-cell,killed,800,0.734507264716326,108.75130902524587,2.531868603971175,37.6418361953946,0.7776626784451044,0.008345840913424215,12.0,328.07464583333336,0.002238841903953365,0.0077173552913241605,30.2,7.41338378792505e-5,2.555415659378861e-4
68.12,mub-xylo,live,800,1.0624274503421673,63.604439860384474,0.5685423483660625,8.452641623571374,0.09120458992013834,0.25881946433026287,12.0,328.07464583333336,0.0032383710958325497,0.001732966431837254,30.2,1.0723083098783277e-4,5.738299443169715e-5
68.12,orn-amc,live,800,2.412979964113901,1156.1994545018551,2.142957748920637,31.859814696545175,0.2864605070575578,0.11252208457710924,12.0,493.5613571428572,0.004888915895041362,0.00434182643739748,30.2,1.618846322861378e-4,1.437690873310424e-4
68.12,mub-po4,killed,800,7.607278949056822,1111.5509425899586,7.193213106532974,106.94304951291316,0.3151325444094937,0.10059327753503217,12.0,328.07464583333336,0.0231876466093068,0.021925537977071318,30.2,7.678028678578411e-4,7.260111912937523e-4
68.12,mub-a-glu,live,800,0.15294189717597662,64.70548179085183,0.47694688884339115,7.0908721864898165,0.755062157153174,0.01017817540929016,12.0,328.07464583333336,4.661801791707894e-4,0.0014537755199945778,30.2,1.54364297738672e-5,4.813826225147609e-5
68.12,phe-arg-amc,live,800,-3.312989500247394,688.6744067133022,1.6743716932110422,24.8932448181553,0.07604363920182541,0.28135320445015977,12.0,493.5613571428572,-0.006712416708280663,0.0033924286595362636,30.2,-2.2226545391657826e-4,1.1233207481908158e-4
68.12,mub-xylo,killed,800,0.2505287653280066,72.2123749410288,0.5633446337320794,8.375366079913253,0.6659951301599034,0.019393738474263036,12.0,328.07464583333336,7.636334246178805e-4,0.0017171233464297227,30.2,2.5285874987347035e-5,5.685838895462658e-5
68.12,mub-po4,live,800,50.06266636417861,1039.6833201944337,2.089574668789937,31.06615693929281,3.648857209912258e-10,0.9828767228402513,12.0,328.07464583333336,0.1525953529173698,0.0063692049822450195,30.2,0.005052826255542047,2.109008272266563e-4
68.12,pro-amc,live,800,0.03180461830655601,172.60741197233315,1.1408051802655825,16.96059647766127,0.978307110315509,7.771836447592817e-5,12.0,493.5613571428572,6.443903649724026e-5,0.002311374591539155,30.2,2.133742930372194e-6,7.653558250129653e-5
68.12,orn-amc,killed,800,3.148415358034832,1095.4049392202526,2.58722859694327,38.46488514191786,0.25157948663696356,0.1289852237253321,12.0,493.5613571428572,0.006378974594487043,0.00524195940281933,30.2,2.1122432432076302e-4,0.00017357481466289171
68.12,mub-cell,live,800,-0.2304767474556204,98.84876840053454,0.12257502547011123,1.8223493206382748,0.08948082376322697,0.2612017608062548,12.0,328.07464583333336,-7.025131334675156e-4,3.736193181242695e-4,30.2,-2.3262024287003827e-5,1.2371500600141375e-5
68.12,mub-b-glu,killed,800,0.23915303615583128,54.48504438249929,0.20920482805417298,3.110293265831155,0.2796043493380022,0.1155762944499087,12.0,328.07464583333336,7.289592145969258e-4,6.376744765593744e-4,30.2,2.4137722337646548e-5,2.1115048892694516e-5
77.92,mub-nag,live,800,6.371126879148061,296.1100923630185,0.9194296339505045,14.90917829926038,2.2530065038500844e-4,0.8727667248733857,9.0,581.4748571428572,0.010956839837329025,0.0015812027341443901,30.2,3.628092661367227e-4,5.235770642862219e-5
77.92,mub-nag,killed,800,4.411732154988708,185.98493079547939,0.497624288298415,8.069317070416522,4.703809293490838e-5,0.9182230179562619,9.0,581.4748571428572,0.007587141732432344,8.557967420011047e-4,30.2,2.512298586898127e-4,2.8337640463612737e-5
77.92,arg-amc,killed,800,6.4169901888486995,517.9047046686679,2.934215236984645,47.58030035277896,0.06497038515980626,0.40591181349907834,9.0,2556.927077380952,0.0025096492761231153,0.0011475553068921102,30.2,8.310096940805019e-5,3.799852009576524e-5
77.92,mub-cell,killed,800,0.892458245992992,267.9697622407128,1.0397927827938687,16.860948810567105,0.41914059998621034,0.09521979979587215,9.0,581.4748571428572,0.0015348182901289782,0.0017881990425226788,30.2,5.0821797686390005e-5,5.921188882525427e-5
77.92,mub-b-glu,live,800,0.7429966109043358,297.7550216100816,0.9910821484437282,16.071072668033054,0.47787957674853043,0.07432182140271783,9.0,581.4748571428572,0.0012777794289423518,0.0017044282074611496,30.2,4.231057711729642e-5,5.64380201146076e-5
77.92,arg-amc,live,800,7.336269130196632,1207.402030360568,2.7737475844795982,44.97820797494041,0.0331867705283706,0.4998380107912642,9.0,2556.927077380952,0.002869174172034322,0.0010847972979036752,30.2,9.500576728590471e-5,3.5920440327936265e-5
77.92,mub-a-glu,live,800,-0.12381173583247944,320.210187338989,0.34902881558062704,5.6597401812169235,0.7332369331054982,0.017658967321036098,9.0,581.4748571428572,-2.1292706694291558e-4,6.002474763837938e-4,30.2,-7.0505651305601186e-6,1.9875744251119e-5
77.92,mub-a-glu,killed,800,-0.37132797968478243,217.56806409281208,1.1695708297657492,18.96538831326179,0.7601318717286984,0.01419564034753645,9.0,581.4748571428572,-6.385967942093741e-4,0.0020113867614372327,30.2,-2.114558921223093e-5,6.660221064361698e-5
77.92,leu-amc,live,800,-10.087191695844634,2345.8754570440346,2.70067190205691,43.793235968003074,0.007309928768763807,0.6658827449231292,9.0,2556.927077380952,-0.003945044731653784,0.001056217803764351,30.2,-1.3063062025343657e-4,3.497409946239573e-5
77.92,leu-amc,killed,800,-0.9864300686916131,1083.361162221745,5.43151972325146,88.07579503606121,0.8610340987238455,0.004689756737604372,9.0,2556.927077380952,-3.8578732941496656e-4,0.0021242372421566825,30.2,-1.2774414881290284e-5,7.033898152836697e-5
77.92,mub-po4,killed,800,97.37344040630443,824.8746151895745,11.085381467364538,179.7570175132638,4.9946855138320546e-5,0.9168229046701983,9.0,581.4748571428572,0.16745941670592585,0.01906424900611149,30.2,0.005545013798209465,6.312665233811752e-4
77.92,pro-amc,killed,800,3.0523529149900237,456.14512452168464,3.5659009938604997,57.823515527277415,0.42033911931976886,0.0947543853650592,9.0,2556.927077380952,0.0011937582976032832,0.0013946041032632946,30.2,3.952842045043984e-5,4.617894381666539e-5
77.92,phe-val-arg-amc,live,800,-22.85684699907285,3624.50744341023,3.0777631341947056,49.90802736413599,1.4610429805031125e-4,0.8873731200151153,9.0,2556.927077380952,-0.008939186104003015,0.0012036960934166505,30.2,-2.9599953986764947e-4,3.985748653697518e-5
77.92,phe-val-arg-amc,killed,800,-17.66954865607163,1561.0694959518594,8.393725112376776,136.10997478697925,0.07331804917841804,0.3876518155414986,9.0,2556.927077380952,-0.006910462489282432,0.003282739342325878,30.2,-2.2882326123451762e-4,1.0869997822271119e-4
77.92,mub-cell,live,800,0.06337279858784423,481.8170451382639,0.9600660890291601,15.568126120655243,0.9492165047991117,6.220642302637975e-4,9.0,581.4748571428572,1.0898630922622118e-4,0.0016510878797865035,30.2,3.608818186298715e-6,5.467178409889084e-5
77.92,phe-arg-amc,live,800,-13.712433781019133,3085.4663657900696,8.930955963440862,144.82153927284728,0.168566228328116,0.2519289162355393,9.0,2556.927077380952,-0.005362856806641788,0.0034928473488531385,30.2,-1.775780399550261e-4,1.15657196981892e-4
77.92,phe-arg-amc,killed,800,-2.777060022413323,1345.7066429565455,6.1170237134173435,99.19170955180738,0.6635780845779647,0.02860155010260011,9.0,2556.927077380952,-0.0010860927740097507,0.002392334051107543,30.2,-3.596333688774009e-5,7.921635930819678e-5
77.92,orn-amc,live,800,31.955472392709307,4454.755890387626,16.774462997990934,272.00935283847497,0.0984781601767546,0.34142764806423914,9.0,2556.927077380952,0.012497608037160426,0.006560399452288227,30.2,4.138280807006764e-4,2.1723176994331876e-4
77.92,mub-b-glu,killed,800,0.8461360244804568,168.74997408338615,1.0158997493346018,16.473506984895455,0.4324004054994828,0.09016599687326061,9.0,581.4748571428572,0.0014551549634287582,0.0017471086442608038,30.2,4.818393918638272e-5,5.7851279611284896e-5
77.92,orn-amc,killed,800,32.59162694011696,2287.744958241154,11.01774031457061,178.6601701090322,0.02116192020391471,0.5555663374041251,9.0,2556.927077380952,0.012746404552726003,0.004308977135889236,30.2,4.2206637591807956e-4,1.426813621155376e-4
77.92,mub-xylo,live,800,1.4315681390167947,339.0628298464939,1.3104145658887805,21.249265509137874,0.31079908696216696,0.14565971902835728,9.0,581.4748571428572,0.0024619605154571384,0.002253604863205352,30.2,8.152187137275293e-5,7.46226775895812e-5
77.92,mub-xylo,killed,800,1.6573626216232429,185.2025545381172,0.8945972277101217,14.506503903562729,0.10635495538228645,0.32900435437128617,9.0,581.4748571428572,0.0028502739220176818,0.0015384968356255795,30.2,9.437993119263847e-5,5.0943603828661575e-5
77.92,mub-po4,live,800,367.37723847736544,6036.985493470517,12.403859328854967,201.13703485741496,1.288687281223244e-8,0.9920834597708599,9.0,581.4748571428572,0.6318024484885129,0.021331720841383822,30.2,0.020920610877103077,7.063483722312524e-4
77.92,pro-amc,live,800,6.779298257838374,804.6366314208459,5.263851365785716,85.35693831848943,0.2387199643469748,0.19156255753522816,9.0,2556.927077380952,0.0026513459526512485,0.0020586630773911053,30.2,8.779291233944531e-5,6.81676515692419e-5
